CountryCode,question_label,target_group,gender_id,answer,percentage
Austria,"Avoid holding hands in public with same-sex partner for fear of being assaulted, threatened or harassed",Trans people,Trans woman,Always,13
Austria,"Avoid holding hands in public with same-sex partner for fear of being assaulted, threatened or harassed",Trans people,Trans woman,Often,8
Austria,"Avoid holding hands in public with same-sex partner for fear of being assaulted, threatened or harassed",Trans people,Trans woman,Rarely,38
Austria,"Avoid holding hands in public with same-sex partner for fear of being assaulted, threatened or harassed",Trans people,Trans woman,Never,41
Austria,"Avoid holding hands in public with same-sex partner for fear of being assaulted, threatened or harassed",Trans people,Trans woman,Dont know,0
Belgium,"Avoid holding hands in public with same-sex partner for fear of being assaulted, threatened or harassed",Trans people,Trans woman,Always,9
Belgium,"Avoid holding hands in public with same-sex partner for fear of being assaulted, threatened or harassed",Trans people,Trans woman,Often,26
Belgium,"Avoid holding hands in public with same-sex partner for fear of being assaulted, threatened or harassed",Trans people,Trans woman,Rarely,31
Belgium,"Avoid holding hands in public with same-sex partner for fear of being assaulted, threatened or harassed",Trans people,Trans woman,Never,32
Belgium,"Avoid holding hands in public with same-sex partner for fear of being assaulted, threatened or harassed",Trans people,Trans woman,Dont know,1
Bulgaria,"Avoid holding hands in public with same-sex partner for fear of being assaulted, threatened or harassed",Trans people,Trans woman,Always,NA
Bulgaria,"Avoid holding hands in public with same-sex partner for fear of being assaulted, threatened or harassed",Trans people,Trans woman,Often,NA
Bulgaria,"Avoid holding hands in public with same-sex partner for fear of being assaulted, threatened or harassed",Trans people,Trans woman,Rarely,NA
Bulgaria,"Avoid holding hands in public with same-sex partner for fear of being assaulted, threatened or harassed",Trans people,Trans woman,Never,NA
Bulgaria,"Avoid holding hands in public with same-sex partner for fear of being assaulted, threatened or harassed",Trans people,Trans woman,Dont know,NA
Cyprus,"Avoid holding hands in public with same-sex partner for fear of being assaulted, threatened or harassed",Trans people,Trans woman,Always,NA
Cyprus,"Avoid holding hands in public with same-sex partner for fear of being assaulted, threatened or harassed",Trans people,Trans woman,Often,NA
Cyprus,"Avoid holding hands in public with same-sex partner for fear of being assaulted, threatened or harassed",Trans people,Trans woman,Rarely,NA
Cyprus,"Avoid holding hands in public with same-sex partner for fear of being assaulted, threatened or harassed",Trans people,Trans woman,Never,NA
Cyprus,"Avoid holding hands in public with same-sex partner for fear of being assaulted, threatened or harassed",Trans people,Trans woman,Dont know,NA
Czechia,"Avoid holding hands in public with same-sex partner for fear of being assaulted, threatened or harassed",Trans people,Trans woman,Always,22
Czechia,"Avoid holding hands in public with same-sex partner for fear of being assaulted, threatened or harassed",Trans people,Trans woman,Often,4
Czechia,"Avoid holding hands in public with same-sex partner for fear of being assaulted, threatened or harassed",Trans people,Trans woman,Rarely,5
Czechia,"Avoid holding hands in public with same-sex partner for fear of being assaulted, threatened or harassed",Trans people,Trans woman,Never,69
Czechia,"Avoid holding hands in public with same-sex partner for fear of being assaulted, threatened or harassed",Trans people,Trans woman,Dont know,0
Germany,"Avoid holding hands in public with same-sex partner for fear of being assaulted, threatened or harassed",Trans people,Trans woman,Always,6
Germany,"Avoid holding hands in public with same-sex partner for fear of being assaulted, threatened or harassed",Trans people,Trans woman,Often,18
Germany,"Avoid holding hands in public with same-sex partner for fear of being assaulted, threatened or harassed",Trans people,Trans woman,Rarely,28
Germany,"Avoid holding hands in public with same-sex partner for fear of being assaulted, threatened or harassed",Trans people,Trans woman,Never,48
Germany,"Avoid holding hands in public with same-sex partner for fear of being assaulted, threatened or harassed",Trans people,Trans woman,Dont know,0
Denmark,"Avoid holding hands in public with same-sex partner for fear of being assaulted, threatened or harassed",Trans people,Trans woman,Always,7
Denmark,"Avoid holding hands in public with same-sex partner for fear of being assaulted, threatened or harassed",Trans people,Trans woman,Often,16
Denmark,"Avoid holding hands in public with same-sex partner for fear of being assaulted, threatened or harassed",Trans people,Trans woman,Rarely,21
Denmark,"Avoid holding hands in public with same-sex partner for fear of being assaulted, threatened or harassed",Trans people,Trans woman,Never,54
Denmark,"Avoid holding hands in public with same-sex partner for fear of being assaulted, threatened or harassed",Trans people,Trans woman,Dont know,2
Estonia,"Avoid holding hands in public with same-sex partner for fear of being assaulted, threatened or harassed",Trans people,Trans woman,Always,NA
Estonia,"Avoid holding hands in public with same-sex partner for fear of being assaulted, threatened or harassed",Trans people,Trans woman,Often,NA
Estonia,"Avoid holding hands in public with same-sex partner for fear of being assaulted, threatened or harassed",Trans people,Trans woman,Rarely,NA
Estonia,"Avoid holding hands in public with same-sex partner for fear of being assaulted, threatened or harassed",Trans people,Trans woman,Never,NA
Estonia,"Avoid holding hands in public with same-sex partner for fear of being assaulted, threatened or harassed",Trans people,Trans woman,Dont know,NA
Greece,"Avoid holding hands in public with same-sex partner for fear of being assaulted, threatened or harassed",Trans people,Trans woman,Always,NA
Greece,"Avoid holding hands in public with same-sex partner for fear of being assaulted, threatened or harassed",Trans people,Trans woman,Often,NA
Greece,"Avoid holding hands in public with same-sex partner for fear of being assaulted, threatened or harassed",Trans people,Trans woman,Rarely,NA
Greece,"Avoid holding hands in public with same-sex partner for fear of being assaulted, threatened or harassed",Trans people,Trans woman,Never,NA
Greece,"Avoid holding hands in public with same-sex partner for fear of being assaulted, threatened or harassed",Trans people,Trans woman,Dont know,NA
Spain,"Avoid holding hands in public with same-sex partner for fear of being assaulted, threatened or harassed",Trans people,Trans woman,Always,24
Spain,"Avoid holding hands in public with same-sex partner for fear of being assaulted, threatened or harassed",Trans people,Trans woman,Often,25
Spain,"Avoid holding hands in public with same-sex partner for fear of being assaulted, threatened or harassed",Trans people,Trans woman,Rarely,28
Spain,"Avoid holding hands in public with same-sex partner for fear of being assaulted, threatened or harassed",Trans people,Trans woman,Never,22
Spain,"Avoid holding hands in public with same-sex partner for fear of being assaulted, threatened or harassed",Trans people,Trans woman,Dont know,0
Finland,"Avoid holding hands in public with same-sex partner for fear of being assaulted, threatened or harassed",Trans people,Trans woman,Always,11
Finland,"Avoid holding hands in public with same-sex partner for fear of being assaulted, threatened or harassed",Trans people,Trans woman,Often,7
Finland,"Avoid holding hands in public with same-sex partner for fear of being assaulted, threatened or harassed",Trans people,Trans woman,Rarely,41
Finland,"Avoid holding hands in public with same-sex partner for fear of being assaulted, threatened or harassed",Trans people,Trans woman,Never,41
Finland,"Avoid holding hands in public with same-sex partner for fear of being assaulted, threatened or harassed",Trans people,Trans woman,Dont know,0
France,"Avoid holding hands in public with same-sex partner for fear of being assaulted, threatened or harassed",Trans people,Trans woman,Always,23
France,"Avoid holding hands in public with same-sex partner for fear of being assaulted, threatened or harassed",Trans people,Trans woman,Often,20
France,"Avoid holding hands in public with same-sex partner for fear of being assaulted, threatened or harassed",Trans people,Trans woman,Rarely,26
France,"Avoid holding hands in public with same-sex partner for fear of being assaulted, threatened or harassed",Trans people,Trans woman,Never,31
France,"Avoid holding hands in public with same-sex partner for fear of being assaulted, threatened or harassed",Trans people,Trans woman,Dont know,1
Croatia,"Avoid holding hands in public with same-sex partner for fear of being assaulted, threatened or harassed",Trans people,Trans woman,Always,NA
Croatia,"Avoid holding hands in public with same-sex partner for fear of being assaulted, threatened or harassed",Trans people,Trans woman,Often,NA
Croatia,"Avoid holding hands in public with same-sex partner for fear of being assaulted, threatened or harassed",Trans people,Trans woman,Rarely,NA
Croatia,"Avoid holding hands in public with same-sex partner for fear of being assaulted, threatened or harassed",Trans people,Trans woman,Never,NA
Croatia,"Avoid holding hands in public with same-sex partner for fear of being assaulted, threatened or harassed",Trans people,Trans woman,Dont know,NA
Hungary,"Avoid holding hands in public with same-sex partner for fear of being assaulted, threatened or harassed",Trans people,Trans woman,Always,30
Hungary,"Avoid holding hands in public with same-sex partner for fear of being assaulted, threatened or harassed",Trans people,Trans woman,Often,7
Hungary,"Avoid holding hands in public with same-sex partner for fear of being assaulted, threatened or harassed",Trans people,Trans woman,Rarely,21
Hungary,"Avoid holding hands in public with same-sex partner for fear of being assaulted, threatened or harassed",Trans people,Trans woman,Never,42
Hungary,"Avoid holding hands in public with same-sex partner for fear of being assaulted, threatened or harassed",Trans people,Trans woman,Dont know,0
Ireland,"Avoid holding hands in public with same-sex partner for fear of being assaulted, threatened or harassed",Trans people,Trans woman,Always,11
Ireland,"Avoid holding hands in public with same-sex partner for fear of being assaulted, threatened or harassed",Trans people,Trans woman,Often,33
Ireland,"Avoid holding hands in public with same-sex partner for fear of being assaulted, threatened or harassed",Trans people,Trans woman,Rarely,33
Ireland,"Avoid holding hands in public with same-sex partner for fear of being assaulted, threatened or harassed",Trans people,Trans woman,Never,24
Ireland,"Avoid holding hands in public with same-sex partner for fear of being assaulted, threatened or harassed",Trans people,Trans woman,Dont know,0
Italy,"Avoid holding hands in public with same-sex partner for fear of being assaulted, threatened or harassed",Trans people,Trans woman,Always,29
Italy,"Avoid holding hands in public with same-sex partner for fear of being assaulted, threatened or harassed",Trans people,Trans woman,Often,4
Italy,"Avoid holding hands in public with same-sex partner for fear of being assaulted, threatened or harassed",Trans people,Trans woman,Rarely,0
Italy,"Avoid holding hands in public with same-sex partner for fear of being assaulted, threatened or harassed",Trans people,Trans woman,Never,68
Italy,"Avoid holding hands in public with same-sex partner for fear of being assaulted, threatened or harassed",Trans people,Trans woman,Dont know,0
Lithuania,"Avoid holding hands in public with same-sex partner for fear of being assaulted, threatened or harassed",Trans people,Trans woman,Always,NA
Lithuania,"Avoid holding hands in public with same-sex partner for fear of being assaulted, threatened or harassed",Trans people,Trans woman,Often,NA
Lithuania,"Avoid holding hands in public with same-sex partner for fear of being assaulted, threatened or harassed",Trans people,Trans woman,Rarely,NA
Lithuania,"Avoid holding hands in public with same-sex partner for fear of being assaulted, threatened or harassed",Trans people,Trans woman,Never,NA
Lithuania,"Avoid holding hands in public with same-sex partner for fear of being assaulted, threatened or harassed",Trans people,Trans woman,Dont know,NA
Luxembourg,"Avoid holding hands in public with same-sex partner for fear of being assaulted, threatened or harassed",Trans people,Trans woman,Always,NA
Luxembourg,"Avoid holding hands in public with same-sex partner for fear of being assaulted, threatened or harassed",Trans people,Trans woman,Often,NA
Luxembourg,"Avoid holding hands in public with same-sex partner for fear of being assaulted, threatened or harassed",Trans people,Trans woman,Rarely,NA
Luxembourg,"Avoid holding hands in public with same-sex partner for fear of being assaulted, threatened or harassed",Trans people,Trans woman,Never,NA
Luxembourg,"Avoid holding hands in public with same-sex partner for fear of being assaulted, threatened or harassed",Trans people,Trans woman,Dont know,NA
Latvia,"Avoid holding hands in public with same-sex partner for fear of being assaulted, threatened or harassed",Trans people,Trans woman,Always,NA
Latvia,"Avoid holding hands in public with same-sex partner for fear of being assaulted, threatened or harassed",Trans people,Trans woman,Often,NA
Latvia,"Avoid holding hands in public with same-sex partner for fear of being assaulted, threatened or harassed",Trans people,Trans woman,Rarely,NA
Latvia,"Avoid holding hands in public with same-sex partner for fear of being assaulted, threatened or harassed",Trans people,Trans woman,Never,NA
Latvia,"Avoid holding hands in public with same-sex partner for fear of being assaulted, threatened or harassed",Trans people,Trans woman,Dont know,NA
Malta,"Avoid holding hands in public with same-sex partner for fear of being assaulted, threatened or harassed",Trans people,Trans woman,Always,NA
Malta,"Avoid holding hands in public with same-sex partner for fear of being assaulted, threatened or harassed",Trans people,Trans woman,Often,NA
Malta,"Avoid holding hands in public with same-sex partner for fear of being assaulted, threatened or harassed",Trans people,Trans woman,Rarely,NA
Malta,"Avoid holding hands in public with same-sex partner for fear of being assaulted, threatened or harassed",Trans people,Trans woman,Never,NA
Malta,"Avoid holding hands in public with same-sex partner for fear of being assaulted, threatened or harassed",Trans people,Trans woman,Dont know,NA
Netherlands,"Avoid holding hands in public with same-sex partner for fear of being assaulted, threatened or harassed",Trans people,Trans woman,Always,6
Netherlands,"Avoid holding hands in public with same-sex partner for fear of being assaulted, threatened or harassed",Trans people,Trans woman,Often,30
Netherlands,"Avoid holding hands in public with same-sex partner for fear of being assaulted, threatened or harassed",Trans people,Trans woman,Rarely,20
Netherlands,"Avoid holding hands in public with same-sex partner for fear of being assaulted, threatened or harassed",Trans people,Trans woman,Never,37
Netherlands,"Avoid holding hands in public with same-sex partner for fear of being assaulted, threatened or harassed",Trans people,Trans woman,Dont know,7
Poland,"Avoid holding hands in public with same-sex partner for fear of being assaulted, threatened or harassed",Trans people,Trans woman,Always,37
Poland,"Avoid holding hands in public with same-sex partner for fear of being assaulted, threatened or harassed",Trans people,Trans woman,Often,31
Poland,"Avoid holding hands in public with same-sex partner for fear of being assaulted, threatened or harassed",Trans people,Trans woman,Rarely,16
Poland,"Avoid holding hands in public with same-sex partner for fear of being assaulted, threatened or harassed",Trans people,Trans woman,Never,16
Poland,"Avoid holding hands in public with same-sex partner for fear of being assaulted, threatened or harassed",Trans people,Trans woman,Dont know,0
Portugal,"Avoid holding hands in public with same-sex partner for fear of being assaulted, threatened or harassed",Trans people,Trans woman,Always,NA
Portugal,"Avoid holding hands in public with same-sex partner for fear of being assaulted, threatened or harassed",Trans people,Trans woman,Often,NA
Portugal,"Avoid holding hands in public with same-sex partner for fear of being assaulted, threatened or harassed",Trans people,Trans woman,Rarely,NA
Portugal,"Avoid holding hands in public with same-sex partner for fear of being assaulted, threatened or harassed",Trans people,Trans woman,Never,NA
Portugal,"Avoid holding hands in public with same-sex partner for fear of being assaulted, threatened or harassed",Trans people,Trans woman,Dont know,NA
Romania,"Avoid holding hands in public with same-sex partner for fear of being assaulted, threatened or harassed",Trans people,Trans woman,Always,33
Romania,"Avoid holding hands in public with same-sex partner for fear of being assaulted, threatened or harassed",Trans people,Trans woman,Often,47
Romania,"Avoid holding hands in public with same-sex partner for fear of being assaulted, threatened or harassed",Trans people,Trans woman,Rarely,9
Romania,"Avoid holding hands in public with same-sex partner for fear of being assaulted, threatened or harassed",Trans people,Trans woman,Never,11
Romania,"Avoid holding hands in public with same-sex partner for fear of being assaulted, threatened or harassed",Trans people,Trans woman,Dont know,0
Sweden,"Avoid holding hands in public with same-sex partner for fear of being assaulted, threatened or harassed",Trans people,Trans woman,Always,9
Sweden,"Avoid holding hands in public with same-sex partner for fear of being assaulted, threatened or harassed",Trans people,Trans woman,Often,13
Sweden,"Avoid holding hands in public with same-sex partner for fear of being assaulted, threatened or harassed",Trans people,Trans woman,Rarely,33
Sweden,"Avoid holding hands in public with same-sex partner for fear of being assaulted, threatened or harassed",Trans people,Trans woman,Never,44
Sweden,"Avoid holding hands in public with same-sex partner for fear of being assaulted, threatened or harassed",Trans people,Trans woman,Dont know,0
Slovenia,"Avoid holding hands in public with same-sex partner for fear of being assaulted, threatened or harassed",Trans people,Trans woman,Always,NA
Slovenia,"Avoid holding hands in public with same-sex partner for fear of being assaulted, threatened or harassed",Trans people,Trans woman,Often,NA
Slovenia,"Avoid holding hands in public with same-sex partner for fear of being assaulted, threatened or harassed",Trans people,Trans woman,Rarely,NA
Slovenia,"Avoid holding hands in public with same-sex partner for fear of being assaulted, threatened or harassed",Trans people,Trans woman,Never,NA
Slovenia,"Avoid holding hands in public with same-sex partner for fear of being assaulted, threatened or harassed",Trans people,Trans woman,Dont know,NA
Slovakia,"Avoid holding hands in public with same-sex partner for fear of being assaulted, threatened or harassed",Trans people,Trans woman,Always,NA
Slovakia,"Avoid holding hands in public with same-sex partner for fear of being assaulted, threatened or harassed",Trans people,Trans woman,Often,NA
Slovakia,"Avoid holding hands in public with same-sex partner for fear of being assaulted, threatened or harassed",Trans people,Trans woman,Rarely,NA
Slovakia,"Avoid holding hands in public with same-sex partner for fear of being assaulted, threatened or harassed",Trans people,Trans woman,Never,NA
Slovakia,"Avoid holding hands in public with same-sex partner for fear of being assaulted, threatened or harassed",Trans people,Trans woman,Dont know,NA
United Kingdom,"Avoid holding hands in public with same-sex partner for fear of being assaulted, threatened or harassed",Trans people,Trans woman,Always,14
United Kingdom,"Avoid holding hands in public with same-sex partner for fear of being assaulted, threatened or harassed",Trans people,Trans woman,Often,25
United Kingdom,"Avoid holding hands in public with same-sex partner for fear of being assaulted, threatened or harassed",Trans people,Trans woman,Rarely,32
United Kingdom,"Avoid holding hands in public with same-sex partner for fear of being assaulted, threatened or harassed",Trans people,Trans woman,Never,27
United Kingdom,"Avoid holding hands in public with same-sex partner for fear of being assaulted, threatened or harassed",Trans people,Trans woman,Dont know,1
EU-28,"Avoid holding hands in public with same-sex partner for fear of being assaulted, threatened or harassed",Trans people,Trans woman,Always,17
EU-28,"Avoid holding hands in public with same-sex partner for fear of being assaulted, threatened or harassed",Trans people,Trans woman,Often,22
EU-28,"Avoid holding hands in public with same-sex partner for fear of being assaulted, threatened or harassed",Trans people,Trans woman,Rarely,24
EU-28,"Avoid holding hands in public with same-sex partner for fear of being assaulted, threatened or harassed",Trans people,Trans woman,Never,37
EU-28,"Avoid holding hands in public with same-sex partner for fear of being assaulted, threatened or harassed",Trans people,Trans woman,Dont know,1
North Macedonia,"Avoid holding hands in public with same-sex partner for fear of being assaulted, threatened or harassed",Trans people,Trans woman,Always,NA
North Macedonia,"Avoid holding hands in public with same-sex partner for fear of being assaulted, threatened or harassed",Trans people,Trans woman,Often,NA
North Macedonia,"Avoid holding hands in public with same-sex partner for fear of being assaulted, threatened or harassed",Trans people,Trans woman,Never,NA
Serbia,"Avoid holding hands in public with same-sex partner for fear of being assaulted, threatened or harassed",Trans people,Trans woman,Always,NA
Serbia,"Avoid holding hands in public with same-sex partner for fear of being assaulted, threatened or harassed",Trans people,Trans woman,Often,NA
Serbia,"Avoid holding hands in public with same-sex partner for fear of being assaulted, threatened or harassed",Trans people,Trans woman,Never,NA
Austria,"Avoid holding hands in public with same-sex partner for fear of being assaulted, threatened or harassed",Trans people,Trans man,Always,3
Austria,"Avoid holding hands in public with same-sex partner for fear of being assaulted, threatened or harassed",Trans people,Trans man,Often,17
Austria,"Avoid holding hands in public with same-sex partner for fear of being assaulted, threatened or harassed",Trans people,Trans man,Rarely,49
Austria,"Avoid holding hands in public with same-sex partner for fear of being assaulted, threatened or harassed",Trans people,Trans man,Never,28
Austria,"Avoid holding hands in public with same-sex partner for fear of being assaulted, threatened or harassed",Trans people,Trans man,Dont know,3
Belgium,"Avoid holding hands in public with same-sex partner for fear of being assaulted, threatened or harassed",Trans people,Trans man,Always,7
Belgium,"Avoid holding hands in public with same-sex partner for fear of being assaulted, threatened or harassed",Trans people,Trans man,Often,30
Belgium,"Avoid holding hands in public with same-sex partner for fear of being assaulted, threatened or harassed",Trans people,Trans man,Rarely,22
Belgium,"Avoid holding hands in public with same-sex partner for fear of being assaulted, threatened or harassed",Trans people,Trans man,Never,42
Belgium,"Avoid holding hands in public with same-sex partner for fear of being assaulted, threatened or harassed",Trans people,Trans man,Dont know,0
Bulgaria,"Avoid holding hands in public with same-sex partner for fear of being assaulted, threatened or harassed",Trans people,Trans man,Always,35
Bulgaria,"Avoid holding hands in public with same-sex partner for fear of being assaulted, threatened or harassed",Trans people,Trans man,Often,24
Bulgaria,"Avoid holding hands in public with same-sex partner for fear of being assaulted, threatened or harassed",Trans people,Trans man,Rarely,22
Bulgaria,"Avoid holding hands in public with same-sex partner for fear of being assaulted, threatened or harassed",Trans people,Trans man,Never,20
Bulgaria,"Avoid holding hands in public with same-sex partner for fear of being assaulted, threatened or harassed",Trans people,Trans man,Dont know,0
Czechia,"Avoid holding hands in public with same-sex partner for fear of being assaulted, threatened or harassed",Trans people,Trans man,Always,23
Czechia,"Avoid holding hands in public with same-sex partner for fear of being assaulted, threatened or harassed",Trans people,Trans man,Often,37
Czechia,"Avoid holding hands in public with same-sex partner for fear of being assaulted, threatened or harassed",Trans people,Trans man,Rarely,22
Czechia,"Avoid holding hands in public with same-sex partner for fear of being assaulted, threatened or harassed",Trans people,Trans man,Never,18
Czechia,"Avoid holding hands in public with same-sex partner for fear of being assaulted, threatened or harassed",Trans people,Trans man,Dont know,0
Germany,"Avoid holding hands in public with same-sex partner for fear of being assaulted, threatened or harassed",Trans people,Trans man,Always,12
Germany,"Avoid holding hands in public with same-sex partner for fear of being assaulted, threatened or harassed",Trans people,Trans man,Often,25
Germany,"Avoid holding hands in public with same-sex partner for fear of being assaulted, threatened or harassed",Trans people,Trans man,Rarely,37
Germany,"Avoid holding hands in public with same-sex partner for fear of being assaulted, threatened or harassed",Trans people,Trans man,Never,25
Germany,"Avoid holding hands in public with same-sex partner for fear of being assaulted, threatened or harassed",Trans people,Trans man,Dont know,1
Denmark,"Avoid holding hands in public with same-sex partner for fear of being assaulted, threatened or harassed",Trans people,Trans man,Always,14
Denmark,"Avoid holding hands in public with same-sex partner for fear of being assaulted, threatened or harassed",Trans people,Trans man,Often,21
Denmark,"Avoid holding hands in public with same-sex partner for fear of being assaulted, threatened or harassed",Trans people,Trans man,Rarely,42
Denmark,"Avoid holding hands in public with same-sex partner for fear of being assaulted, threatened or harassed",Trans people,Trans man,Never,23
Denmark,"Avoid holding hands in public with same-sex partner for fear of being assaulted, threatened or harassed",Trans people,Trans man,Dont know,0
Greece,"Avoid holding hands in public with same-sex partner for fear of being assaulted, threatened or harassed",Trans people,Trans man,Always,12
Greece,"Avoid holding hands in public with same-sex partner for fear of being assaulted, threatened or harassed",Trans people,Trans man,Often,26
Greece,"Avoid holding hands in public with same-sex partner for fear of being assaulted, threatened or harassed",Trans people,Trans man,Rarely,40
Greece,"Avoid holding hands in public with same-sex partner for fear of being assaulted, threatened or harassed",Trans people,Trans man,Never,22
Greece,"Avoid holding hands in public with same-sex partner for fear of being assaulted, threatened or harassed",Trans people,Trans man,Dont know,0
Spain,"Avoid holding hands in public with same-sex partner for fear of being assaulted, threatened or harassed",Trans people,Trans man,Always,12
Spain,"Avoid holding hands in public with same-sex partner for fear of being assaulted, threatened or harassed",Trans people,Trans man,Often,21
Spain,"Avoid holding hands in public with same-sex partner for fear of being assaulted, threatened or harassed",Trans people,Trans man,Rarely,34
Spain,"Avoid holding hands in public with same-sex partner for fear of being assaulted, threatened or harassed",Trans people,Trans man,Never,32
Spain,"Avoid holding hands in public with same-sex partner for fear of being assaulted, threatened or harassed",Trans people,Trans man,Dont know,1
Finland,"Avoid holding hands in public with same-sex partner for fear of being assaulted, threatened or harassed",Trans people,Trans man,Always,5
Finland,"Avoid holding hands in public with same-sex partner for fear of being assaulted, threatened or harassed",Trans people,Trans man,Often,18
Finland,"Avoid holding hands in public with same-sex partner for fear of being assaulted, threatened or harassed",Trans people,Trans man,Rarely,43
Finland,"Avoid holding hands in public with same-sex partner for fear of being assaulted, threatened or harassed",Trans people,Trans man,Never,34
Finland,"Avoid holding hands in public with same-sex partner for fear of being assaulted, threatened or harassed",Trans people,Trans man,Dont know,0
France,"Avoid holding hands in public with same-sex partner for fear of being assaulted, threatened or harassed",Trans people,Trans man,Always,20
France,"Avoid holding hands in public with same-sex partner for fear of being assaulted, threatened or harassed",Trans people,Trans man,Often,35
France,"Avoid holding hands in public with same-sex partner for fear of being assaulted, threatened or harassed",Trans people,Trans man,Rarely,13
France,"Avoid holding hands in public with same-sex partner for fear of being assaulted, threatened or harassed",Trans people,Trans man,Never,32
France,"Avoid holding hands in public with same-sex partner for fear of being assaulted, threatened or harassed",Trans people,Trans man,Dont know,0
Hungary,"Avoid holding hands in public with same-sex partner for fear of being assaulted, threatened or harassed",Trans people,Trans man,Always,30
Hungary,"Avoid holding hands in public with same-sex partner for fear of being assaulted, threatened or harassed",Trans people,Trans man,Often,24
Hungary,"Avoid holding hands in public with same-sex partner for fear of being assaulted, threatened or harassed",Trans people,Trans man,Rarely,17
Hungary,"Avoid holding hands in public with same-sex partner for fear of being assaulted, threatened or harassed",Trans people,Trans man,Never,29
Hungary,"Avoid holding hands in public with same-sex partner for fear of being assaulted, threatened or harassed",Trans people,Trans man,Dont know,0
Ireland,"Avoid holding hands in public with same-sex partner for fear of being assaulted, threatened or harassed",Trans people,Trans man,Always,6
Ireland,"Avoid holding hands in public with same-sex partner for fear of being assaulted, threatened or harassed",Trans people,Trans man,Often,21
Ireland,"Avoid holding hands in public with same-sex partner for fear of being assaulted, threatened or harassed",Trans people,Trans man,Rarely,43
Ireland,"Avoid holding hands in public with same-sex partner for fear of being assaulted, threatened or harassed",Trans people,Trans man,Never,31
Ireland,"Avoid holding hands in public with same-sex partner for fear of being assaulted, threatened or harassed",Trans people,Trans man,Dont know,0
Italy,"Avoid holding hands in public with same-sex partner for fear of being assaulted, threatened or harassed",Trans people,Trans man,Always,22
Italy,"Avoid holding hands in public with same-sex partner for fear of being assaulted, threatened or harassed",Trans people,Trans man,Often,34
Italy,"Avoid holding hands in public with same-sex partner for fear of being assaulted, threatened or harassed",Trans people,Trans man,Rarely,16
Italy,"Avoid holding hands in public with same-sex partner for fear of being assaulted, threatened or harassed",Trans people,Trans man,Never,28
Italy,"Avoid holding hands in public with same-sex partner for fear of being assaulted, threatened or harassed",Trans people,Trans man,Dont know,0
Netherlands,"Avoid holding hands in public with same-sex partner for fear of being assaulted, threatened or harassed",Trans people,Trans man,Always,6
Netherlands,"Avoid holding hands in public with same-sex partner for fear of being assaulted, threatened or harassed",Trans people,Trans man,Often,44
Netherlands,"Avoid holding hands in public with same-sex partner for fear of being assaulted, threatened or harassed",Trans people,Trans man,Rarely,24
Netherlands,"Avoid holding hands in public with same-sex partner for fear of being assaulted, threatened or harassed",Trans people,Trans man,Never,26
Netherlands,"Avoid holding hands in public with same-sex partner for fear of being assaulted, threatened or harassed",Trans people,Trans man,Dont know,0
Poland,"Avoid holding hands in public with same-sex partner for fear of being assaulted, threatened or harassed",Trans people,Trans man,Always,26
Poland,"Avoid holding hands in public with same-sex partner for fear of being assaulted, threatened or harassed",Trans people,Trans man,Often,24
Poland,"Avoid holding hands in public with same-sex partner for fear of being assaulted, threatened or harassed",Trans people,Trans man,Rarely,34
Poland,"Avoid holding hands in public with same-sex partner for fear of being assaulted, threatened or harassed",Trans people,Trans man,Never,16
Poland,"Avoid holding hands in public with same-sex partner for fear of being assaulted, threatened or harassed",Trans people,Trans man,Dont know,0
Portugal,"Avoid holding hands in public with same-sex partner for fear of being assaulted, threatened or harassed",Trans people,Trans man,Always,7
Portugal,"Avoid holding hands in public with same-sex partner for fear of being assaulted, threatened or harassed",Trans people,Trans man,Often,11
Portugal,"Avoid holding hands in public with same-sex partner for fear of being assaulted, threatened or harassed",Trans people,Trans man,Rarely,45
Portugal,"Avoid holding hands in public with same-sex partner for fear of being assaulted, threatened or harassed",Trans people,Trans man,Never,37
Portugal,"Avoid holding hands in public with same-sex partner for fear of being assaulted, threatened or harassed",Trans people,Trans man,Dont know,0
Romania,"Avoid holding hands in public with same-sex partner for fear of being assaulted, threatened or harassed",Trans people,Trans man,Always,55
Romania,"Avoid holding hands in public with same-sex partner for fear of being assaulted, threatened or harassed",Trans people,Trans man,Often,30
Romania,"Avoid holding hands in public with same-sex partner for fear of being assaulted, threatened or harassed",Trans people,Trans man,Rarely,9
Romania,"Avoid holding hands in public with same-sex partner for fear of being assaulted, threatened or harassed",Trans people,Trans man,Never,6
Romania,"Avoid holding hands in public with same-sex partner for fear of being assaulted, threatened or harassed",Trans people,Trans man,Dont know,0
Sweden,"Avoid holding hands in public with same-sex partner for fear of being assaulted, threatened or harassed",Trans people,Trans man,Always,11
Sweden,"Avoid holding hands in public with same-sex partner for fear of being assaulted, threatened or harassed",Trans people,Trans man,Often,17
Sweden,"Avoid holding hands in public with same-sex partner for fear of being assaulted, threatened or harassed",Trans people,Trans man,Rarely,45
Sweden,"Avoid holding hands in public with same-sex partner for fear of being assaulted, threatened or harassed",Trans people,Trans man,Never,27
Sweden,"Avoid holding hands in public with same-sex partner for fear of being assaulted, threatened or harassed",Trans people,Trans man,Dont know,0
Slovakia,"Avoid holding hands in public with same-sex partner for fear of being assaulted, threatened or harassed",Trans people,Trans man,Always,25
Slovakia,"Avoid holding hands in public with same-sex partner for fear of being assaulted, threatened or harassed",Trans people,Trans man,Often,42
Slovakia,"Avoid holding hands in public with same-sex partner for fear of being assaulted, threatened or harassed",Trans people,Trans man,Rarely,23
Slovakia,"Avoid holding hands in public with same-sex partner for fear of being assaulted, threatened or harassed",Trans people,Trans man,Never,9
Slovakia,"Avoid holding hands in public with same-sex partner for fear of being assaulted, threatened or harassed",Trans people,Trans man,Dont know,0
United Kingdom,"Avoid holding hands in public with same-sex partner for fear of being assaulted, threatened or harassed",Trans people,Trans man,Always,14
United Kingdom,"Avoid holding hands in public with same-sex partner for fear of being assaulted, threatened or harassed",Trans people,Trans man,Often,38
United Kingdom,"Avoid holding hands in public with same-sex partner for fear of being assaulted, threatened or harassed",Trans people,Trans man,Rarely,36
United Kingdom,"Avoid holding hands in public with same-sex partner for fear of being assaulted, threatened or harassed",Trans people,Trans man,Never,11
United Kingdom,"Avoid holding hands in public with same-sex partner for fear of being assaulted, threatened or harassed",Trans people,Trans man,Dont know,0
EU-28,"Avoid holding hands in public with same-sex partner for fear of being assaulted, threatened or harassed",Trans people,Trans man,Always,19
EU-28,"Avoid holding hands in public with same-sex partner for fear of being assaulted, threatened or harassed",Trans people,Trans man,Often,29
EU-28,"Avoid holding hands in public with same-sex partner for fear of being assaulted, threatened or harassed",Trans people,Trans man,Rarely,28
EU-28,"Avoid holding hands in public with same-sex partner for fear of being assaulted, threatened or harassed",Trans people,Trans man,Never,24
EU-28,"Avoid holding hands in public with same-sex partner for fear of being assaulted, threatened or harassed",Trans people,Trans man,Dont know,0
Belgium,"Avoid holding hands in public with same-sex partner for fear of being assaulted, threatened or harassed",Trans people,Trans person,Always,16
Belgium,"Avoid holding hands in public with same-sex partner for fear of being assaulted, threatened or harassed",Trans people,Trans person,Often,39
Belgium,"Avoid holding hands in public with same-sex partner for fear of being assaulted, threatened or harassed",Trans people,Trans person,Rarely,18
Belgium,"Avoid holding hands in public with same-sex partner for fear of being assaulted, threatened or harassed",Trans people,Trans person,Never,27
Belgium,"Avoid holding hands in public with same-sex partner for fear of being assaulted, threatened or harassed",Trans people,Trans person,Dont know,0
Germany,"Avoid holding hands in public with same-sex partner for fear of being assaulted, threatened or harassed",Trans people,Trans person,Always,12
Germany,"Avoid holding hands in public with same-sex partner for fear of being assaulted, threatened or harassed",Trans people,Trans person,Often,29
Germany,"Avoid holding hands in public with same-sex partner for fear of being assaulted, threatened or harassed",Trans people,Trans person,Rarely,28
Germany,"Avoid holding hands in public with same-sex partner for fear of being assaulted, threatened or harassed",Trans people,Trans person,Never,30
Germany,"Avoid holding hands in public with same-sex partner for fear of being assaulted, threatened or harassed",Trans people,Trans person,Dont know,0
Denmark,"Avoid holding hands in public with same-sex partner for fear of being assaulted, threatened or harassed",Trans people,Trans person,Always,1
Denmark,"Avoid holding hands in public with same-sex partner for fear of being assaulted, threatened or harassed",Trans people,Trans person,Often,32
Denmark,"Avoid holding hands in public with same-sex partner for fear of being assaulted, threatened or harassed",Trans people,Trans person,Rarely,25
Denmark,"Avoid holding hands in public with same-sex partner for fear of being assaulted, threatened or harassed",Trans people,Trans person,Never,29
Denmark,"Avoid holding hands in public with same-sex partner for fear of being assaulted, threatened or harassed",Trans people,Trans person,Dont know,13
Greece,"Avoid holding hands in public with same-sex partner for fear of being assaulted, threatened or harassed",Trans people,Trans person,Always,46
Greece,"Avoid holding hands in public with same-sex partner for fear of being assaulted, threatened or harassed",Trans people,Trans person,Often,45
Greece,"Avoid holding hands in public with same-sex partner for fear of being assaulted, threatened or harassed",Trans people,Trans person,Rarely,6
Greece,"Avoid holding hands in public with same-sex partner for fear of being assaulted, threatened or harassed",Trans people,Trans person,Never,2
Greece,"Avoid holding hands in public with same-sex partner for fear of being assaulted, threatened or harassed",Trans people,Trans person,Dont know,0
Spain,"Avoid holding hands in public with same-sex partner for fear of being assaulted, threatened or harassed",Trans people,Trans person,Always,20
Spain,"Avoid holding hands in public with same-sex partner for fear of being assaulted, threatened or harassed",Trans people,Trans person,Often,4
Spain,"Avoid holding hands in public with same-sex partner for fear of being assaulted, threatened or harassed",Trans people,Trans person,Rarely,64
Spain,"Avoid holding hands in public with same-sex partner for fear of being assaulted, threatened or harassed",Trans people,Trans person,Never,11
Spain,"Avoid holding hands in public with same-sex partner for fear of being assaulted, threatened or harassed",Trans people,Trans person,Dont know,1
Finland,"Avoid holding hands in public with same-sex partner for fear of being assaulted, threatened or harassed",Trans people,Trans person,Always,1
Finland,"Avoid holding hands in public with same-sex partner for fear of being assaulted, threatened or harassed",Trans people,Trans person,Often,15
Finland,"Avoid holding hands in public with same-sex partner for fear of being assaulted, threatened or harassed",Trans people,Trans person,Rarely,48
Finland,"Avoid holding hands in public with same-sex partner for fear of being assaulted, threatened or harassed",Trans people,Trans person,Never,36
Finland,"Avoid holding hands in public with same-sex partner for fear of being assaulted, threatened or harassed",Trans people,Trans person,Dont know,0
France,"Avoid holding hands in public with same-sex partner for fear of being assaulted, threatened or harassed",Trans people,Trans person,Always,34
France,"Avoid holding hands in public with same-sex partner for fear of being assaulted, threatened or harassed",Trans people,Trans person,Often,12
France,"Avoid holding hands in public with same-sex partner for fear of being assaulted, threatened or harassed",Trans people,Trans person,Rarely,18
France,"Avoid holding hands in public with same-sex partner for fear of being assaulted, threatened or harassed",Trans people,Trans person,Never,36
France,"Avoid holding hands in public with same-sex partner for fear of being assaulted, threatened or harassed",Trans people,Trans person,Dont know,0
Italy,"Avoid holding hands in public with same-sex partner for fear of being assaulted, threatened or harassed",Trans people,Trans person,Always,21
Italy,"Avoid holding hands in public with same-sex partner for fear of being assaulted, threatened or harassed",Trans people,Trans person,Often,35
Italy,"Avoid holding hands in public with same-sex partner for fear of being assaulted, threatened or harassed",Trans people,Trans person,Rarely,16
Italy,"Avoid holding hands in public with same-sex partner for fear of being assaulted, threatened or harassed",Trans people,Trans person,Never,28
Italy,"Avoid holding hands in public with same-sex partner for fear of being assaulted, threatened or harassed",Trans people,Trans person,Dont know,0
Netherlands,"Avoid holding hands in public with same-sex partner for fear of being assaulted, threatened or harassed",Trans people,Trans person,Always,0
Netherlands,"Avoid holding hands in public with same-sex partner for fear of being assaulted, threatened or harassed",Trans people,Trans person,Often,31
Netherlands,"Avoid holding hands in public with same-sex partner for fear of being assaulted, threatened or harassed",Trans people,Trans person,Rarely,22
Netherlands,"Avoid holding hands in public with same-sex partner for fear of being assaulted, threatened or harassed",Trans people,Trans person,Never,46
Netherlands,"Avoid holding hands in public with same-sex partner for fear of being assaulted, threatened or harassed",Trans people,Trans person,Dont know,0
Poland,"Avoid holding hands in public with same-sex partner for fear of being assaulted, threatened or harassed",Trans people,Trans person,Always,44
Poland,"Avoid holding hands in public with same-sex partner for fear of being assaulted, threatened or harassed",Trans people,Trans person,Often,12
Poland,"Avoid holding hands in public with same-sex partner for fear of being assaulted, threatened or harassed",Trans people,Trans person,Rarely,7
Poland,"Avoid holding hands in public with same-sex partner for fear of being assaulted, threatened or harassed",Trans people,Trans person,Never,37
Poland,"Avoid holding hands in public with same-sex partner for fear of being assaulted, threatened or harassed",Trans people,Trans person,Dont know,0
Sweden,"Avoid holding hands in public with same-sex partner for fear of being assaulted, threatened or harassed",Trans people,Trans person,Always,17
Sweden,"Avoid holding hands in public with same-sex partner for fear of being assaulted, threatened or harassed",Trans people,Trans person,Often,20
Sweden,"Avoid holding hands in public with same-sex partner for fear of being assaulted, threatened or harassed",Trans people,Trans person,Rarely,42
Sweden,"Avoid holding hands in public with same-sex partner for fear of being assaulted, threatened or harassed",Trans people,Trans person,Never,20
Sweden,"Avoid holding hands in public with same-sex partner for fear of being assaulted, threatened or harassed",Trans people,Trans person,Dont know,1
United Kingdom,"Avoid holding hands in public with same-sex partner for fear of being assaulted, threatened or harassed",Trans people,Trans person,Always,11
United Kingdom,"Avoid holding hands in public with same-sex partner for fear of being assaulted, threatened or harassed",Trans people,Trans person,Often,36
United Kingdom,"Avoid holding hands in public with same-sex partner for fear of being assaulted, threatened or harassed",Trans people,Trans person,Rarely,24
United Kingdom,"Avoid holding hands in public with same-sex partner for fear of being assaulted, threatened or harassed",Trans people,Trans person,Never,29
United Kingdom,"Avoid holding hands in public with same-sex partner for fear of being assaulted, threatened or harassed",Trans people,Trans person,Dont know,0
EU-28,"Avoid holding hands in public with same-sex partner for fear of being assaulted, threatened or harassed",Trans people,Trans person,Always,22
EU-28,"Avoid holding hands in public with same-sex partner for fear of being assaulted, threatened or harassed",Trans people,Trans person,Often,26
EU-28,"Avoid holding hands in public with same-sex partner for fear of being assaulted, threatened or harassed",Trans people,Trans person,Rarely,22
EU-28,"Avoid holding hands in public with same-sex partner for fear of being assaulted, threatened or harassed",Trans people,Trans person,Never,29
EU-28,"Avoid holding hands in public with same-sex partner for fear of being assaulted, threatened or harassed",Trans people,Trans person,Dont know,0
Austria,"Avoid holding hands in public with same-sex partner for fear of being assaulted, threatened or harassed",Trans people,Non-binary,Always,2
Austria,"Avoid holding hands in public with same-sex partner for fear of being assaulted, threatened or harassed",Trans people,Non-binary,Often,23
Austria,"Avoid holding hands in public with same-sex partner for fear of being assaulted, threatened or harassed",Trans people,Non-binary,Rarely,49
Austria,"Avoid holding hands in public with same-sex partner for fear of being assaulted, threatened or harassed",Trans people,Non-binary,Never,27
Austria,"Avoid holding hands in public with same-sex partner for fear of being assaulted, threatened or harassed",Trans people,Non-binary,Dont know,0
Belgium,"Avoid holding hands in public with same-sex partner for fear of being assaulted, threatened or harassed",Trans people,Non-binary,Always,11
Belgium,"Avoid holding hands in public with same-sex partner for fear of being assaulted, threatened or harassed",Trans people,Non-binary,Often,33
Belgium,"Avoid holding hands in public with same-sex partner for fear of being assaulted, threatened or harassed",Trans people,Non-binary,Rarely,40
Belgium,"Avoid holding hands in public with same-sex partner for fear of being assaulted, threatened or harassed",Trans people,Non-binary,Never,17
Belgium,"Avoid holding hands in public with same-sex partner for fear of being assaulted, threatened or harassed",Trans people,Non-binary,Dont know,0
Bulgaria,"Avoid holding hands in public with same-sex partner for fear of being assaulted, threatened or harassed",Trans people,Non-binary,Always,33
Bulgaria,"Avoid holding hands in public with same-sex partner for fear of being assaulted, threatened or harassed",Trans people,Non-binary,Often,33
Bulgaria,"Avoid holding hands in public with same-sex partner for fear of being assaulted, threatened or harassed",Trans people,Non-binary,Rarely,19
Bulgaria,"Avoid holding hands in public with same-sex partner for fear of being assaulted, threatened or harassed",Trans people,Non-binary,Never,15
Bulgaria,"Avoid holding hands in public with same-sex partner for fear of being assaulted, threatened or harassed",Trans people,Non-binary,Dont know,0
Czechia,"Avoid holding hands in public with same-sex partner for fear of being assaulted, threatened or harassed",Trans people,Non-binary,Always,5
Czechia,"Avoid holding hands in public with same-sex partner for fear of being assaulted, threatened or harassed",Trans people,Non-binary,Often,44
Czechia,"Avoid holding hands in public with same-sex partner for fear of being assaulted, threatened or harassed",Trans people,Non-binary,Rarely,40
Czechia,"Avoid holding hands in public with same-sex partner for fear of being assaulted, threatened or harassed",Trans people,Non-binary,Never,10
Czechia,"Avoid holding hands in public with same-sex partner for fear of being assaulted, threatened or harassed",Trans people,Non-binary,Dont know,0
Germany,"Avoid holding hands in public with same-sex partner for fear of being assaulted, threatened or harassed",Trans people,Non-binary,Always,5
Germany,"Avoid holding hands in public with same-sex partner for fear of being assaulted, threatened or harassed",Trans people,Non-binary,Often,26
Germany,"Avoid holding hands in public with same-sex partner for fear of being assaulted, threatened or harassed",Trans people,Non-binary,Rarely,49
Germany,"Avoid holding hands in public with same-sex partner for fear of being assaulted, threatened or harassed",Trans people,Non-binary,Never,20
Germany,"Avoid holding hands in public with same-sex partner for fear of being assaulted, threatened or harassed",Trans people,Non-binary,Dont know,0
Denmark,"Avoid holding hands in public with same-sex partner for fear of being assaulted, threatened or harassed",Trans people,Non-binary,Always,12
Denmark,"Avoid holding hands in public with same-sex partner for fear of being assaulted, threatened or harassed",Trans people,Non-binary,Often,26
Denmark,"Avoid holding hands in public with same-sex partner for fear of being assaulted, threatened or harassed",Trans people,Non-binary,Rarely,52
Denmark,"Avoid holding hands in public with same-sex partner for fear of being assaulted, threatened or harassed",Trans people,Non-binary,Never,10
Denmark,"Avoid holding hands in public with same-sex partner for fear of being assaulted, threatened or harassed",Trans people,Non-binary,Dont know,0
Estonia,"Avoid holding hands in public with same-sex partner for fear of being assaulted, threatened or harassed",Trans people,Non-binary,Always,35
Estonia,"Avoid holding hands in public with same-sex partner for fear of being assaulted, threatened or harassed",Trans people,Non-binary,Often,29
Estonia,"Avoid holding hands in public with same-sex partner for fear of being assaulted, threatened or harassed",Trans people,Non-binary,Rarely,32
Estonia,"Avoid holding hands in public with same-sex partner for fear of being assaulted, threatened or harassed",Trans people,Non-binary,Never,4
Estonia,"Avoid holding hands in public with same-sex partner for fear of being assaulted, threatened or harassed",Trans people,Non-binary,Dont know,0
Greece,"Avoid holding hands in public with same-sex partner for fear of being assaulted, threatened or harassed",Trans people,Non-binary,Always,20
Greece,"Avoid holding hands in public with same-sex partner for fear of being assaulted, threatened or harassed",Trans people,Non-binary,Often,70
Greece,"Avoid holding hands in public with same-sex partner for fear of being assaulted, threatened or harassed",Trans people,Non-binary,Rarely,7
Greece,"Avoid holding hands in public with same-sex partner for fear of being assaulted, threatened or harassed",Trans people,Non-binary,Never,3
Greece,"Avoid holding hands in public with same-sex partner for fear of being assaulted, threatened or harassed",Trans people,Non-binary,Dont know,1
Spain,"Avoid holding hands in public with same-sex partner for fear of being assaulted, threatened or harassed",Trans people,Non-binary,Always,12
Spain,"Avoid holding hands in public with same-sex partner for fear of being assaulted, threatened or harassed",Trans people,Non-binary,Often,29
Spain,"Avoid holding hands in public with same-sex partner for fear of being assaulted, threatened or harassed",Trans people,Non-binary,Rarely,46
Spain,"Avoid holding hands in public with same-sex partner for fear of being assaulted, threatened or harassed",Trans people,Non-binary,Never,13
Spain,"Avoid holding hands in public with same-sex partner for fear of being assaulted, threatened or harassed",Trans people,Non-binary,Dont know,0
Finland,"Avoid holding hands in public with same-sex partner for fear of being assaulted, threatened or harassed",Trans people,Non-binary,Always,6
Finland,"Avoid holding hands in public with same-sex partner for fear of being assaulted, threatened or harassed",Trans people,Non-binary,Often,16
Finland,"Avoid holding hands in public with same-sex partner for fear of being assaulted, threatened or harassed",Trans people,Non-binary,Rarely,47
Finland,"Avoid holding hands in public with same-sex partner for fear of being assaulted, threatened or harassed",Trans people,Non-binary,Never,31
Finland,"Avoid holding hands in public with same-sex partner for fear of being assaulted, threatened or harassed",Trans people,Non-binary,Dont know,0
France,"Avoid holding hands in public with same-sex partner for fear of being assaulted, threatened or harassed",Trans people,Non-binary,Always,28
France,"Avoid holding hands in public with same-sex partner for fear of being assaulted, threatened or harassed",Trans people,Non-binary,Often,34
France,"Avoid holding hands in public with same-sex partner for fear of being assaulted, threatened or harassed",Trans people,Non-binary,Rarely,24
France,"Avoid holding hands in public with same-sex partner for fear of being assaulted, threatened or harassed",Trans people,Non-binary,Never,14
France,"Avoid holding hands in public with same-sex partner for fear of being assaulted, threatened or harassed",Trans people,Non-binary,Dont know,0
Hungary,"Avoid holding hands in public with same-sex partner for fear of being assaulted, threatened or harassed",Trans people,Non-binary,Always,36
Hungary,"Avoid holding hands in public with same-sex partner for fear of being assaulted, threatened or harassed",Trans people,Non-binary,Often,19
Hungary,"Avoid holding hands in public with same-sex partner for fear of being assaulted, threatened or harassed",Trans people,Non-binary,Rarely,26
Hungary,"Avoid holding hands in public with same-sex partner for fear of being assaulted, threatened or harassed",Trans people,Non-binary,Never,19
Hungary,"Avoid holding hands in public with same-sex partner for fear of being assaulted, threatened or harassed",Trans people,Non-binary,Dont know,1
Ireland,"Avoid holding hands in public with same-sex partner for fear of being assaulted, threatened or harassed",Trans people,Non-binary,Always,9
Ireland,"Avoid holding hands in public with same-sex partner for fear of being assaulted, threatened or harassed",Trans people,Non-binary,Often,12
Ireland,"Avoid holding hands in public with same-sex partner for fear of being assaulted, threatened or harassed",Trans people,Non-binary,Rarely,51
Ireland,"Avoid holding hands in public with same-sex partner for fear of being assaulted, threatened or harassed",Trans people,Non-binary,Never,28
Ireland,"Avoid holding hands in public with same-sex partner for fear of being assaulted, threatened or harassed",Trans people,Non-binary,Dont know,0
Italy,"Avoid holding hands in public with same-sex partner for fear of being assaulted, threatened or harassed",Trans people,Non-binary,Always,26
Italy,"Avoid holding hands in public with same-sex partner for fear of being assaulted, threatened or harassed",Trans people,Non-binary,Often,18
Italy,"Avoid holding hands in public with same-sex partner for fear of being assaulted, threatened or harassed",Trans people,Non-binary,Rarely,40
Italy,"Avoid holding hands in public with same-sex partner for fear of being assaulted, threatened or harassed",Trans people,Non-binary,Never,14
Italy,"Avoid holding hands in public with same-sex partner for fear of being assaulted, threatened or harassed",Trans people,Non-binary,Dont know,1
Netherlands,"Avoid holding hands in public with same-sex partner for fear of being assaulted, threatened or harassed",Trans people,Non-binary,Always,12
Netherlands,"Avoid holding hands in public with same-sex partner for fear of being assaulted, threatened or harassed",Trans people,Non-binary,Often,26
Netherlands,"Avoid holding hands in public with same-sex partner for fear of being assaulted, threatened or harassed",Trans people,Non-binary,Rarely,31
Netherlands,"Avoid holding hands in public with same-sex partner for fear of being assaulted, threatened or harassed",Trans people,Non-binary,Never,31
Netherlands,"Avoid holding hands in public with same-sex partner for fear of being assaulted, threatened or harassed",Trans people,Non-binary,Dont know,0
Poland,"Avoid holding hands in public with same-sex partner for fear of being assaulted, threatened or harassed",Trans people,Non-binary,Always,37
Poland,"Avoid holding hands in public with same-sex partner for fear of being assaulted, threatened or harassed",Trans people,Non-binary,Often,37
Poland,"Avoid holding hands in public with same-sex partner for fear of being assaulted, threatened or harassed",Trans people,Non-binary,Rarely,14
Poland,"Avoid holding hands in public with same-sex partner for fear of being assaulted, threatened or harassed",Trans people,Non-binary,Never,12
Poland,"Avoid holding hands in public with same-sex partner for fear of being assaulted, threatened or harassed",Trans people,Non-binary,Dont know,0
Portugal,"Avoid holding hands in public with same-sex partner for fear of being assaulted, threatened or harassed",Trans people,Non-binary,Always,12
Portugal,"Avoid holding hands in public with same-sex partner for fear of being assaulted, threatened or harassed",Trans people,Non-binary,Often,47
Portugal,"Avoid holding hands in public with same-sex partner for fear of being assaulted, threatened or harassed",Trans people,Non-binary,Rarely,28
Portugal,"Avoid holding hands in public with same-sex partner for fear of being assaulted, threatened or harassed",Trans people,Non-binary,Never,13
Portugal,"Avoid holding hands in public with same-sex partner for fear of being assaulted, threatened or harassed",Trans people,Non-binary,Dont know,0
Romania,"Avoid holding hands in public with same-sex partner for fear of being assaulted, threatened or harassed",Trans people,Non-binary,Always,29
Romania,"Avoid holding hands in public with same-sex partner for fear of being assaulted, threatened or harassed",Trans people,Non-binary,Often,38
Romania,"Avoid holding hands in public with same-sex partner for fear of being assaulted, threatened or harassed",Trans people,Non-binary,Rarely,27
Romania,"Avoid holding hands in public with same-sex partner for fear of being assaulted, threatened or harassed",Trans people,Non-binary,Never,5
Romania,"Avoid holding hands in public with same-sex partner for fear of being assaulted, threatened or harassed",Trans people,Non-binary,Dont know,0
Sweden,"Avoid holding hands in public with same-sex partner for fear of being assaulted, threatened or harassed",Trans people,Non-binary,Always,2
Sweden,"Avoid holding hands in public with same-sex partner for fear of being assaulted, threatened or harassed",Trans people,Non-binary,Often,13
Sweden,"Avoid holding hands in public with same-sex partner for fear of being assaulted, threatened or harassed",Trans people,Non-binary,Rarely,59
Sweden,"Avoid holding hands in public with same-sex partner for fear of being assaulted, threatened or harassed",Trans people,Non-binary,Never,26
Sweden,"Avoid holding hands in public with same-sex partner for fear of being assaulted, threatened or harassed",Trans people,Non-binary,Dont know,0
Slovakia,"Avoid holding hands in public with same-sex partner for fear of being assaulted, threatened or harassed",Trans people,Non-binary,Always,32
Slovakia,"Avoid holding hands in public with same-sex partner for fear of being assaulted, threatened or harassed",Trans people,Non-binary,Often,19
Slovakia,"Avoid holding hands in public with same-sex partner for fear of being assaulted, threatened or harassed",Trans people,Non-binary,Rarely,20
Slovakia,"Avoid holding hands in public with same-sex partner for fear of being assaulted, threatened or harassed",Trans people,Non-binary,Never,30
Slovakia,"Avoid holding hands in public with same-sex partner for fear of being assaulted, threatened or harassed",Trans people,Non-binary,Dont know,0
United Kingdom,"Avoid holding hands in public with same-sex partner for fear of being assaulted, threatened or harassed",Trans people,Non-binary,Always,15
United Kingdom,"Avoid holding hands in public with same-sex partner for fear of being assaulted, threatened or harassed",Trans people,Non-binary,Often,41
United Kingdom,"Avoid holding hands in public with same-sex partner for fear of being assaulted, threatened or harassed",Trans people,Non-binary,Rarely,31
United Kingdom,"Avoid holding hands in public with same-sex partner for fear of being assaulted, threatened or harassed",Trans people,Non-binary,Never,13
United Kingdom,"Avoid holding hands in public with same-sex partner for fear of being assaulted, threatened or harassed",Trans people,Non-binary,Dont know,0
EU-28,"Avoid holding hands in public with same-sex partner for fear of being assaulted, threatened or harassed",Trans people,Non-binary,Always,20
EU-28,"Avoid holding hands in public with same-sex partner for fear of being assaulted, threatened or harassed",Trans people,Non-binary,Often,32
EU-28,"Avoid holding hands in public with same-sex partner for fear of being assaulted, threatened or harassed",Trans people,Non-binary,Rarely,33
EU-28,"Avoid holding hands in public with same-sex partner for fear of being assaulted, threatened or harassed",Trans people,Non-binary,Never,15
EU-28,"Avoid holding hands in public with same-sex partner for fear of being assaulted, threatened or harassed",Trans people,Non-binary,Dont know,0
Serbia,"Avoid holding hands in public with same-sex partner for fear of being assaulted, threatened or harassed",Trans people,Non-binary,Always,35
Serbia,"Avoid holding hands in public with same-sex partner for fear of being assaulted, threatened or harassed",Trans people,Non-binary,Often,33
Serbia,"Avoid holding hands in public with same-sex partner for fear of being assaulted, threatened or harassed",Trans people,Non-binary,Rarely,20
Serbia,"Avoid holding hands in public with same-sex partner for fear of being assaulted, threatened or harassed",Trans people,Non-binary,Never,12
Belgium,"Avoid holding hands in public with same-sex partner for fear of being assaulted, threatened or harassed",Trans people,Genderqueer,Always,12
Belgium,"Avoid holding hands in public with same-sex partner for fear of being assaulted, threatened or harassed",Trans people,Genderqueer,Often,47
Belgium,"Avoid holding hands in public with same-sex partner for fear of being assaulted, threatened or harassed",Trans people,Genderqueer,Rarely,26
Belgium,"Avoid holding hands in public with same-sex partner for fear of being assaulted, threatened or harassed",Trans people,Genderqueer,Never,16
Belgium,"Avoid holding hands in public with same-sex partner for fear of being assaulted, threatened or harassed",Trans people,Genderqueer,Dont know,0
Czechia,"Avoid holding hands in public with same-sex partner for fear of being assaulted, threatened or harassed",Trans people,Genderqueer,Always,6
Czechia,"Avoid holding hands in public with same-sex partner for fear of being assaulted, threatened or harassed",Trans people,Genderqueer,Often,10
Czechia,"Avoid holding hands in public with same-sex partner for fear of being assaulted, threatened or harassed",Trans people,Genderqueer,Rarely,17
Czechia,"Avoid holding hands in public with same-sex partner for fear of being assaulted, threatened or harassed",Trans people,Genderqueer,Never,68
Czechia,"Avoid holding hands in public with same-sex partner for fear of being assaulted, threatened or harassed",Trans people,Genderqueer,Dont know,0
Germany,"Avoid holding hands in public with same-sex partner for fear of being assaulted, threatened or harassed",Trans people,Genderqueer,Always,3
Germany,"Avoid holding hands in public with same-sex partner for fear of being assaulted, threatened or harassed",Trans people,Genderqueer,Often,28
Germany,"Avoid holding hands in public with same-sex partner for fear of being assaulted, threatened or harassed",Trans people,Genderqueer,Rarely,47
Germany,"Avoid holding hands in public with same-sex partner for fear of being assaulted, threatened or harassed",Trans people,Genderqueer,Never,21
Germany,"Avoid holding hands in public with same-sex partner for fear of being assaulted, threatened or harassed",Trans people,Genderqueer,Dont know,0
Denmark,"Avoid holding hands in public with same-sex partner for fear of being assaulted, threatened or harassed",Trans people,Genderqueer,Always,3
Denmark,"Avoid holding hands in public with same-sex partner for fear of being assaulted, threatened or harassed",Trans people,Genderqueer,Often,14
Denmark,"Avoid holding hands in public with same-sex partner for fear of being assaulted, threatened or harassed",Trans people,Genderqueer,Rarely,69
Denmark,"Avoid holding hands in public with same-sex partner for fear of being assaulted, threatened or harassed",Trans people,Genderqueer,Never,13
Denmark,"Avoid holding hands in public with same-sex partner for fear of being assaulted, threatened or harassed",Trans people,Genderqueer,Dont know,0
Greece,"Avoid holding hands in public with same-sex partner for fear of being assaulted, threatened or harassed",Trans people,Genderqueer,Always,40
Greece,"Avoid holding hands in public with same-sex partner for fear of being assaulted, threatened or harassed",Trans people,Genderqueer,Often,28
Greece,"Avoid holding hands in public with same-sex partner for fear of being assaulted, threatened or harassed",Trans people,Genderqueer,Rarely,19
Greece,"Avoid holding hands in public with same-sex partner for fear of being assaulted, threatened or harassed",Trans people,Genderqueer,Never,14
Greece,"Avoid holding hands in public with same-sex partner for fear of being assaulted, threatened or harassed",Trans people,Genderqueer,Dont know,0
Spain,"Avoid holding hands in public with same-sex partner for fear of being assaulted, threatened or harassed",Trans people,Genderqueer,Always,12
Spain,"Avoid holding hands in public with same-sex partner for fear of being assaulted, threatened or harassed",Trans people,Genderqueer,Often,27
Spain,"Avoid holding hands in public with same-sex partner for fear of being assaulted, threatened or harassed",Trans people,Genderqueer,Rarely,32
Spain,"Avoid holding hands in public with same-sex partner for fear of being assaulted, threatened or harassed",Trans people,Genderqueer,Never,28
Spain,"Avoid holding hands in public with same-sex partner for fear of being assaulted, threatened or harassed",Trans people,Genderqueer,Dont know,0
Finland,"Avoid holding hands in public with same-sex partner for fear of being assaulted, threatened or harassed",Trans people,Genderqueer,Always,14
Finland,"Avoid holding hands in public with same-sex partner for fear of being assaulted, threatened or harassed",Trans people,Genderqueer,Often,22
Finland,"Avoid holding hands in public with same-sex partner for fear of being assaulted, threatened or harassed",Trans people,Genderqueer,Rarely,47
Finland,"Avoid holding hands in public with same-sex partner for fear of being assaulted, threatened or harassed",Trans people,Genderqueer,Never,17
Finland,"Avoid holding hands in public with same-sex partner for fear of being assaulted, threatened or harassed",Trans people,Genderqueer,Dont know,0
France,"Avoid holding hands in public with same-sex partner for fear of being assaulted, threatened or harassed",Trans people,Genderqueer,Always,24
France,"Avoid holding hands in public with same-sex partner for fear of being assaulted, threatened or harassed",Trans people,Genderqueer,Often,32
France,"Avoid holding hands in public with same-sex partner for fear of being assaulted, threatened or harassed",Trans people,Genderqueer,Rarely,27
France,"Avoid holding hands in public with same-sex partner for fear of being assaulted, threatened or harassed",Trans people,Genderqueer,Never,16
France,"Avoid holding hands in public with same-sex partner for fear of being assaulted, threatened or harassed",Trans people,Genderqueer,Dont know,0
Hungary,"Avoid holding hands in public with same-sex partner for fear of being assaulted, threatened or harassed",Trans people,Genderqueer,Always,26
Hungary,"Avoid holding hands in public with same-sex partner for fear of being assaulted, threatened or harassed",Trans people,Genderqueer,Often,54
Hungary,"Avoid holding hands in public with same-sex partner for fear of being assaulted, threatened or harassed",Trans people,Genderqueer,Rarely,15
Hungary,"Avoid holding hands in public with same-sex partner for fear of being assaulted, threatened or harassed",Trans people,Genderqueer,Never,5
Hungary,"Avoid holding hands in public with same-sex partner for fear of being assaulted, threatened or harassed",Trans people,Genderqueer,Dont know,0
Italy,"Avoid holding hands in public with same-sex partner for fear of being assaulted, threatened or harassed",Trans people,Genderqueer,Always,15
Italy,"Avoid holding hands in public with same-sex partner for fear of being assaulted, threatened or harassed",Trans people,Genderqueer,Often,31
Italy,"Avoid holding hands in public with same-sex partner for fear of being assaulted, threatened or harassed",Trans people,Genderqueer,Rarely,28
Italy,"Avoid holding hands in public with same-sex partner for fear of being assaulted, threatened or harassed",Trans people,Genderqueer,Never,26
Italy,"Avoid holding hands in public with same-sex partner for fear of being assaulted, threatened or harassed",Trans people,Genderqueer,Dont know,0
Netherlands,"Avoid holding hands in public with same-sex partner for fear of being assaulted, threatened or harassed",Trans people,Genderqueer,Always,24
Netherlands,"Avoid holding hands in public with same-sex partner for fear of being assaulted, threatened or harassed",Trans people,Genderqueer,Often,39
Netherlands,"Avoid holding hands in public with same-sex partner for fear of being assaulted, threatened or harassed",Trans people,Genderqueer,Rarely,30
Netherlands,"Avoid holding hands in public with same-sex partner for fear of being assaulted, threatened or harassed",Trans people,Genderqueer,Never,8
Netherlands,"Avoid holding hands in public with same-sex partner for fear of being assaulted, threatened or harassed",Trans people,Genderqueer,Dont know,0
Poland,"Avoid holding hands in public with same-sex partner for fear of being assaulted, threatened or harassed",Trans people,Genderqueer,Always,38
Poland,"Avoid holding hands in public with same-sex partner for fear of being assaulted, threatened or harassed",Trans people,Genderqueer,Often,22
Poland,"Avoid holding hands in public with same-sex partner for fear of being assaulted, threatened or harassed",Trans people,Genderqueer,Rarely,27
Poland,"Avoid holding hands in public with same-sex partner for fear of being assaulted, threatened or harassed",Trans people,Genderqueer,Never,13
Poland,"Avoid holding hands in public with same-sex partner for fear of being assaulted, threatened or harassed",Trans people,Genderqueer,Dont know,0
Portugal,"Avoid holding hands in public with same-sex partner for fear of being assaulted, threatened or harassed",Trans people,Genderqueer,Always,10
Portugal,"Avoid holding hands in public with same-sex partner for fear of being assaulted, threatened or harassed",Trans people,Genderqueer,Often,36
Portugal,"Avoid holding hands in public with same-sex partner for fear of being assaulted, threatened or harassed",Trans people,Genderqueer,Rarely,11
Portugal,"Avoid holding hands in public with same-sex partner for fear of being assaulted, threatened or harassed",Trans people,Genderqueer,Never,40
Portugal,"Avoid holding hands in public with same-sex partner for fear of being assaulted, threatened or harassed",Trans people,Genderqueer,Dont know,2
Sweden,"Avoid holding hands in public with same-sex partner for fear of being assaulted, threatened or harassed",Trans people,Genderqueer,Always,7
Sweden,"Avoid holding hands in public with same-sex partner for fear of being assaulted, threatened or harassed",Trans people,Genderqueer,Often,5
Sweden,"Avoid holding hands in public with same-sex partner for fear of being assaulted, threatened or harassed",Trans people,Genderqueer,Rarely,61
Sweden,"Avoid holding hands in public with same-sex partner for fear of being assaulted, threatened or harassed",Trans people,Genderqueer,Never,27
Sweden,"Avoid holding hands in public with same-sex partner for fear of being assaulted, threatened or harassed",Trans people,Genderqueer,Dont know,0
United Kingdom,"Avoid holding hands in public with same-sex partner for fear of being assaulted, threatened or harassed",Trans people,Genderqueer,Always,19
United Kingdom,"Avoid holding hands in public with same-sex partner for fear of being assaulted, threatened or harassed",Trans people,Genderqueer,Often,35
United Kingdom,"Avoid holding hands in public with same-sex partner for fear of being assaulted, threatened or harassed",Trans people,Genderqueer,Rarely,34
United Kingdom,"Avoid holding hands in public with same-sex partner for fear of being assaulted, threatened or harassed",Trans people,Genderqueer,Never,11
United Kingdom,"Avoid holding hands in public with same-sex partner for fear of being assaulted, threatened or harassed",Trans people,Genderqueer,Dont know,1
EU-28,"Avoid holding hands in public with same-sex partner for fear of being assaulted, threatened or harassed",Trans people,Genderqueer,Always,19
EU-28,"Avoid holding hands in public with same-sex partner for fear of being assaulted, threatened or harassed",Trans people,Genderqueer,Often,30
EU-28,"Avoid holding hands in public with same-sex partner for fear of being assaulted, threatened or harassed",Trans people,Genderqueer,Rarely,32
EU-28,"Avoid holding hands in public with same-sex partner for fear of being assaulted, threatened or harassed",Trans people,Genderqueer,Never,20
EU-28,"Avoid holding hands in public with same-sex partner for fear of being assaulted, threatened or harassed",Trans people,Genderqueer,Dont know,0
Austria,"Avoid holding hands in public with same-sex partner for fear of being assaulted, threatened or harassed",Trans people,Gender-fluid,Always,16
Austria,"Avoid holding hands in public with same-sex partner for fear of being assaulted, threatened or harassed",Trans people,Gender-fluid,Often,5
Austria,"Avoid holding hands in public with same-sex partner for fear of being assaulted, threatened or harassed",Trans people,Gender-fluid,Rarely,64
Austria,"Avoid holding hands in public with same-sex partner for fear of being assaulted, threatened or harassed",Trans people,Gender-fluid,Never,12
Austria,"Avoid holding hands in public with same-sex partner for fear of being assaulted, threatened or harassed",Trans people,Gender-fluid,Dont know,3
Belgium,"Avoid holding hands in public with same-sex partner for fear of being assaulted, threatened or harassed",Trans people,Gender-fluid,Always,11
Belgium,"Avoid holding hands in public with same-sex partner for fear of being assaulted, threatened or harassed",Trans people,Gender-fluid,Often,34
Belgium,"Avoid holding hands in public with same-sex partner for fear of being assaulted, threatened or harassed",Trans people,Gender-fluid,Rarely,48
Belgium,"Avoid holding hands in public with same-sex partner for fear of being assaulted, threatened or harassed",Trans people,Gender-fluid,Never,7
Belgium,"Avoid holding hands in public with same-sex partner for fear of being assaulted, threatened or harassed",Trans people,Gender-fluid,Dont know,0
Czechia,"Avoid holding hands in public with same-sex partner for fear of being assaulted, threatened or harassed",Trans people,Gender-fluid,Always,2
Czechia,"Avoid holding hands in public with same-sex partner for fear of being assaulted, threatened or harassed",Trans people,Gender-fluid,Often,50
Czechia,"Avoid holding hands in public with same-sex partner for fear of being assaulted, threatened or harassed",Trans people,Gender-fluid,Rarely,35
Czechia,"Avoid holding hands in public with same-sex partner for fear of being assaulted, threatened or harassed",Trans people,Gender-fluid,Never,12
Czechia,"Avoid holding hands in public with same-sex partner for fear of being assaulted, threatened or harassed",Trans people,Gender-fluid,Dont know,2
Germany,"Avoid holding hands in public with same-sex partner for fear of being assaulted, threatened or harassed",Trans people,Gender-fluid,Always,5
Germany,"Avoid holding hands in public with same-sex partner for fear of being assaulted, threatened or harassed",Trans people,Gender-fluid,Often,27
Germany,"Avoid holding hands in public with same-sex partner for fear of being assaulted, threatened or harassed",Trans people,Gender-fluid,Rarely,46
Germany,"Avoid holding hands in public with same-sex partner for fear of being assaulted, threatened or harassed",Trans people,Gender-fluid,Never,21
Germany,"Avoid holding hands in public with same-sex partner for fear of being assaulted, threatened or harassed",Trans people,Gender-fluid,Dont know,2
Estonia,"Avoid holding hands in public with same-sex partner for fear of being assaulted, threatened or harassed",Trans people,Gender-fluid,Always,23
Estonia,"Avoid holding hands in public with same-sex partner for fear of being assaulted, threatened or harassed",Trans people,Gender-fluid,Often,30
Estonia,"Avoid holding hands in public with same-sex partner for fear of being assaulted, threatened or harassed",Trans people,Gender-fluid,Rarely,27
Estonia,"Avoid holding hands in public with same-sex partner for fear of being assaulted, threatened or harassed",Trans people,Gender-fluid,Never,20
Estonia,"Avoid holding hands in public with same-sex partner for fear of being assaulted, threatened or harassed",Trans people,Gender-fluid,Dont know,0
Greece,"Avoid holding hands in public with same-sex partner for fear of being assaulted, threatened or harassed",Trans people,Gender-fluid,Always,43
Greece,"Avoid holding hands in public with same-sex partner for fear of being assaulted, threatened or harassed",Trans people,Gender-fluid,Often,27
Greece,"Avoid holding hands in public with same-sex partner for fear of being assaulted, threatened or harassed",Trans people,Gender-fluid,Rarely,13
Greece,"Avoid holding hands in public with same-sex partner for fear of being assaulted, threatened or harassed",Trans people,Gender-fluid,Never,18
Greece,"Avoid holding hands in public with same-sex partner for fear of being assaulted, threatened or harassed",Trans people,Gender-fluid,Dont know,0
Spain,"Avoid holding hands in public with same-sex partner for fear of being assaulted, threatened or harassed",Trans people,Gender-fluid,Always,19
Spain,"Avoid holding hands in public with same-sex partner for fear of being assaulted, threatened or harassed",Trans people,Gender-fluid,Often,33
Spain,"Avoid holding hands in public with same-sex partner for fear of being assaulted, threatened or harassed",Trans people,Gender-fluid,Rarely,19
Spain,"Avoid holding hands in public with same-sex partner for fear of being assaulted, threatened or harassed",Trans people,Gender-fluid,Never,30
Spain,"Avoid holding hands in public with same-sex partner for fear of being assaulted, threatened or harassed",Trans people,Gender-fluid,Dont know,0
Finland,"Avoid holding hands in public with same-sex partner for fear of being assaulted, threatened or harassed",Trans people,Gender-fluid,Always,2
Finland,"Avoid holding hands in public with same-sex partner for fear of being assaulted, threatened or harassed",Trans people,Gender-fluid,Often,21
Finland,"Avoid holding hands in public with same-sex partner for fear of being assaulted, threatened or harassed",Trans people,Gender-fluid,Rarely,47
Finland,"Avoid holding hands in public with same-sex partner for fear of being assaulted, threatened or harassed",Trans people,Gender-fluid,Never,30
Finland,"Avoid holding hands in public with same-sex partner for fear of being assaulted, threatened or harassed",Trans people,Gender-fluid,Dont know,0
France,"Avoid holding hands in public with same-sex partner for fear of being assaulted, threatened or harassed",Trans people,Gender-fluid,Always,24
France,"Avoid holding hands in public with same-sex partner for fear of being assaulted, threatened or harassed",Trans people,Gender-fluid,Often,42
France,"Avoid holding hands in public with same-sex partner for fear of being assaulted, threatened or harassed",Trans people,Gender-fluid,Rarely,26
France,"Avoid holding hands in public with same-sex partner for fear of being assaulted, threatened or harassed",Trans people,Gender-fluid,Never,9
France,"Avoid holding hands in public with same-sex partner for fear of being assaulted, threatened or harassed",Trans people,Gender-fluid,Dont know,0
Hungary,"Avoid holding hands in public with same-sex partner for fear of being assaulted, threatened or harassed",Trans people,Gender-fluid,Always,4
Hungary,"Avoid holding hands in public with same-sex partner for fear of being assaulted, threatened or harassed",Trans people,Gender-fluid,Often,75
Hungary,"Avoid holding hands in public with same-sex partner for fear of being assaulted, threatened or harassed",Trans people,Gender-fluid,Rarely,16
Hungary,"Avoid holding hands in public with same-sex partner for fear of being assaulted, threatened or harassed",Trans people,Gender-fluid,Never,5
Hungary,"Avoid holding hands in public with same-sex partner for fear of being assaulted, threatened or harassed",Trans people,Gender-fluid,Dont know,0
Italy,"Avoid holding hands in public with same-sex partner for fear of being assaulted, threatened or harassed",Trans people,Gender-fluid,Always,18
Italy,"Avoid holding hands in public with same-sex partner for fear of being assaulted, threatened or harassed",Trans people,Gender-fluid,Often,49
Italy,"Avoid holding hands in public with same-sex partner for fear of being assaulted, threatened or harassed",Trans people,Gender-fluid,Rarely,22
Italy,"Avoid holding hands in public with same-sex partner for fear of being assaulted, threatened or harassed",Trans people,Gender-fluid,Never,10
Italy,"Avoid holding hands in public with same-sex partner for fear of being assaulted, threatened or harassed",Trans people,Gender-fluid,Dont know,0
Netherlands,"Avoid holding hands in public with same-sex partner for fear of being assaulted, threatened or harassed",Trans people,Gender-fluid,Always,14
Netherlands,"Avoid holding hands in public with same-sex partner for fear of being assaulted, threatened or harassed",Trans people,Gender-fluid,Often,45
Netherlands,"Avoid holding hands in public with same-sex partner for fear of being assaulted, threatened or harassed",Trans people,Gender-fluid,Rarely,26
Netherlands,"Avoid holding hands in public with same-sex partner for fear of being assaulted, threatened or harassed",Trans people,Gender-fluid,Never,15
Netherlands,"Avoid holding hands in public with same-sex partner for fear of being assaulted, threatened or harassed",Trans people,Gender-fluid,Dont know,0
Poland,"Avoid holding hands in public with same-sex partner for fear of being assaulted, threatened or harassed",Trans people,Gender-fluid,Always,31
Poland,"Avoid holding hands in public with same-sex partner for fear of being assaulted, threatened or harassed",Trans people,Gender-fluid,Often,24
Poland,"Avoid holding hands in public with same-sex partner for fear of being assaulted, threatened or harassed",Trans people,Gender-fluid,Rarely,29
Poland,"Avoid holding hands in public with same-sex partner for fear of being assaulted, threatened or harassed",Trans people,Gender-fluid,Never,16
Poland,"Avoid holding hands in public with same-sex partner for fear of being assaulted, threatened or harassed",Trans people,Gender-fluid,Dont know,0
Portugal,"Avoid holding hands in public with same-sex partner for fear of being assaulted, threatened or harassed",Trans people,Gender-fluid,Always,11
Portugal,"Avoid holding hands in public with same-sex partner for fear of being assaulted, threatened or harassed",Trans people,Gender-fluid,Often,43
Portugal,"Avoid holding hands in public with same-sex partner for fear of being assaulted, threatened or harassed",Trans people,Gender-fluid,Rarely,35
Portugal,"Avoid holding hands in public with same-sex partner for fear of being assaulted, threatened or harassed",Trans people,Gender-fluid,Never,10
Portugal,"Avoid holding hands in public with same-sex partner for fear of being assaulted, threatened or harassed",Trans people,Gender-fluid,Dont know,0
Romania,"Avoid holding hands in public with same-sex partner for fear of being assaulted, threatened or harassed",Trans people,Gender-fluid,Always,24
Romania,"Avoid holding hands in public with same-sex partner for fear of being assaulted, threatened or harassed",Trans people,Gender-fluid,Often,47
Romania,"Avoid holding hands in public with same-sex partner for fear of being assaulted, threatened or harassed",Trans people,Gender-fluid,Rarely,19
Romania,"Avoid holding hands in public with same-sex partner for fear of being assaulted, threatened or harassed",Trans people,Gender-fluid,Never,9
Romania,"Avoid holding hands in public with same-sex partner for fear of being assaulted, threatened or harassed",Trans people,Gender-fluid,Dont know,0
Sweden,"Avoid holding hands in public with same-sex partner for fear of being assaulted, threatened or harassed",Trans people,Gender-fluid,Always,5
Sweden,"Avoid holding hands in public with same-sex partner for fear of being assaulted, threatened or harassed",Trans people,Gender-fluid,Often,28
Sweden,"Avoid holding hands in public with same-sex partner for fear of being assaulted, threatened or harassed",Trans people,Gender-fluid,Rarely,36
Sweden,"Avoid holding hands in public with same-sex partner for fear of being assaulted, threatened or harassed",Trans people,Gender-fluid,Never,27
Sweden,"Avoid holding hands in public with same-sex partner for fear of being assaulted, threatened or harassed",Trans people,Gender-fluid,Dont know,5
United Kingdom,"Avoid holding hands in public with same-sex partner for fear of being assaulted, threatened or harassed",Trans people,Gender-fluid,Always,16
United Kingdom,"Avoid holding hands in public with same-sex partner for fear of being assaulted, threatened or harassed",Trans people,Gender-fluid,Often,42
United Kingdom,"Avoid holding hands in public with same-sex partner for fear of being assaulted, threatened or harassed",Trans people,Gender-fluid,Rarely,29
United Kingdom,"Avoid holding hands in public with same-sex partner for fear of being assaulted, threatened or harassed",Trans people,Gender-fluid,Never,12
United Kingdom,"Avoid holding hands in public with same-sex partner for fear of being assaulted, threatened or harassed",Trans people,Gender-fluid,Dont know,1
EU-28,"Avoid holding hands in public with same-sex partner for fear of being assaulted, threatened or harassed",Trans people,Gender-fluid,Always,18
EU-28,"Avoid holding hands in public with same-sex partner for fear of being assaulted, threatened or harassed",Trans people,Gender-fluid,Often,38
EU-28,"Avoid holding hands in public with same-sex partner for fear of being assaulted, threatened or harassed",Trans people,Gender-fluid,Rarely,29
EU-28,"Avoid holding hands in public with same-sex partner for fear of being assaulted, threatened or harassed",Trans people,Gender-fluid,Never,15
EU-28,"Avoid holding hands in public with same-sex partner for fear of being assaulted, threatened or harassed",Trans people,Gender-fluid,Dont know,0
Germany,"Avoid holding hands in public with same-sex partner for fear of being assaulted, threatened or harassed",Trans people,Agender,Always,3
Germany,"Avoid holding hands in public with same-sex partner for fear of being assaulted, threatened or harassed",Trans people,Agender,Often,33
Germany,"Avoid holding hands in public with same-sex partner for fear of being assaulted, threatened or harassed",Trans people,Agender,Rarely,33
Germany,"Avoid holding hands in public with same-sex partner for fear of being assaulted, threatened or harassed",Trans people,Agender,Never,32
Germany,"Avoid holding hands in public with same-sex partner for fear of being assaulted, threatened or harassed",Trans people,Agender,Dont know,0
Spain,"Avoid holding hands in public with same-sex partner for fear of being assaulted, threatened or harassed",Trans people,Agender,Always,18
Spain,"Avoid holding hands in public with same-sex partner for fear of being assaulted, threatened or harassed",Trans people,Agender,Often,20
Spain,"Avoid holding hands in public with same-sex partner for fear of being assaulted, threatened or harassed",Trans people,Agender,Rarely,38
Spain,"Avoid holding hands in public with same-sex partner for fear of being assaulted, threatened or harassed",Trans people,Agender,Never,23
Spain,"Avoid holding hands in public with same-sex partner for fear of being assaulted, threatened or harassed",Trans people,Agender,Dont know,0
Finland,"Avoid holding hands in public with same-sex partner for fear of being assaulted, threatened or harassed",Trans people,Agender,Always,8
Finland,"Avoid holding hands in public with same-sex partner for fear of being assaulted, threatened or harassed",Trans people,Agender,Often,13
Finland,"Avoid holding hands in public with same-sex partner for fear of being assaulted, threatened or harassed",Trans people,Agender,Rarely,48
Finland,"Avoid holding hands in public with same-sex partner for fear of being assaulted, threatened or harassed",Trans people,Agender,Never,31
Finland,"Avoid holding hands in public with same-sex partner for fear of being assaulted, threatened or harassed",Trans people,Agender,Dont know,0
France,"Avoid holding hands in public with same-sex partner for fear of being assaulted, threatened or harassed",Trans people,Agender,Always,34
France,"Avoid holding hands in public with same-sex partner for fear of being assaulted, threatened or harassed",Trans people,Agender,Often,44
France,"Avoid holding hands in public with same-sex partner for fear of being assaulted, threatened or harassed",Trans people,Agender,Rarely,13
France,"Avoid holding hands in public with same-sex partner for fear of being assaulted, threatened or harassed",Trans people,Agender,Never,9
France,"Avoid holding hands in public with same-sex partner for fear of being assaulted, threatened or harassed",Trans people,Agender,Dont know,0
Italy,"Avoid holding hands in public with same-sex partner for fear of being assaulted, threatened or harassed",Trans people,Agender,Always,32
Italy,"Avoid holding hands in public with same-sex partner for fear of being assaulted, threatened or harassed",Trans people,Agender,Often,30
Italy,"Avoid holding hands in public with same-sex partner for fear of being assaulted, threatened or harassed",Trans people,Agender,Rarely,9
Italy,"Avoid holding hands in public with same-sex partner for fear of being assaulted, threatened or harassed",Trans people,Agender,Never,30
Italy,"Avoid holding hands in public with same-sex partner for fear of being assaulted, threatened or harassed",Trans people,Agender,Dont know,0
Poland,"Avoid holding hands in public with same-sex partner for fear of being assaulted, threatened or harassed",Trans people,Agender,Always,20
Poland,"Avoid holding hands in public with same-sex partner for fear of being assaulted, threatened or harassed",Trans people,Agender,Often,54
Poland,"Avoid holding hands in public with same-sex partner for fear of being assaulted, threatened or harassed",Trans people,Agender,Rarely,15
Poland,"Avoid holding hands in public with same-sex partner for fear of being assaulted, threatened or harassed",Trans people,Agender,Never,12
Poland,"Avoid holding hands in public with same-sex partner for fear of being assaulted, threatened or harassed",Trans people,Agender,Dont know,0
United Kingdom,"Avoid holding hands in public with same-sex partner for fear of being assaulted, threatened or harassed",Trans people,Agender,Always,9
United Kingdom,"Avoid holding hands in public with same-sex partner for fear of being assaulted, threatened or harassed",Trans people,Agender,Often,22
United Kingdom,"Avoid holding hands in public with same-sex partner for fear of being assaulted, threatened or harassed",Trans people,Agender,Rarely,38
United Kingdom,"Avoid holding hands in public with same-sex partner for fear of being assaulted, threatened or harassed",Trans people,Agender,Never,31
United Kingdom,"Avoid holding hands in public with same-sex partner for fear of being assaulted, threatened or harassed",Trans people,Agender,Dont know,0
EU-28,"Avoid holding hands in public with same-sex partner for fear of being assaulted, threatened or harassed",Trans people,Agender,Always,24
EU-28,"Avoid holding hands in public with same-sex partner for fear of being assaulted, threatened or harassed",Trans people,Agender,Often,33
EU-28,"Avoid holding hands in public with same-sex partner for fear of being assaulted, threatened or harassed",Trans people,Agender,Rarely,22
EU-28,"Avoid holding hands in public with same-sex partner for fear of being assaulted, threatened or harassed",Trans people,Agender,Never,21
EU-28,"Avoid holding hands in public with same-sex partner for fear of being assaulted, threatened or harassed",Trans people,Agender,Dont know,0
France,"Avoid holding hands in public with same-sex partner for fear of being assaulted, threatened or harassed",Trans people,Polygender,Always,48
France,"Avoid holding hands in public with same-sex partner for fear of being assaulted, threatened or harassed",Trans people,Polygender,Often,18
France,"Avoid holding hands in public with same-sex partner for fear of being assaulted, threatened or harassed",Trans people,Polygender,Rarely,7
France,"Avoid holding hands in public with same-sex partner for fear of being assaulted, threatened or harassed",Trans people,Polygender,Never,27
France,"Avoid holding hands in public with same-sex partner for fear of being assaulted, threatened or harassed",Trans people,Polygender,Dont know,0
EU-28,"Avoid holding hands in public with same-sex partner for fear of being assaulted, threatened or harassed",Trans people,Polygender,Always,31
EU-28,"Avoid holding hands in public with same-sex partner for fear of being assaulted, threatened or harassed",Trans people,Polygender,Often,25
EU-28,"Avoid holding hands in public with same-sex partner for fear of being assaulted, threatened or harassed",Trans people,Polygender,Rarely,18
EU-28,"Avoid holding hands in public with same-sex partner for fear of being assaulted, threatened or harassed",Trans people,Polygender,Never,26
EU-28,"Avoid holding hands in public with same-sex partner for fear of being assaulted, threatened or harassed",Trans people,Polygender,Dont know,0